title,description,link
Coronavirus: US records highest death toll in single day,"More than 1,736 deaths were recorded on Tuesday with some states yet to share their totals.",https://www.bbc.co.uk/news/world-us-canada-52209954
Coronavirus: Wisconsin defies its own lockdown to vote,Wisconsin is the first state to hold a major election despite a state-wide stay home order.,https://www.bbc.co.uk/news/world-us-canada-52208440
Coronavirus: Twitter boss pledges $1bn for relief effort,"Jack Dorsey said he would give 28% of his wealth towards efforts to ""disarm"" the pandemic.",https://www.bbc.co.uk/news/technology-52209690
Coronavirus warship row: Acting US Navy secretary resigns,The acting Navy chief was under fire for ousting a captain who pleaded for help fighting Covid-19.,https://www.bbc.co.uk/news/world-us-canada-52209105
Coronavirus: Why more rats are being spotted during quarantine,Hungry rats unable to feed off restaurant leftovers are coming on to the streets and nearer homes.,https://www.bbc.co.uk/news/world-us-canada-52177587
Maeve Kennedy McKean's body is recovered after canoe search,Maeve Kennedy McKean and her son were last seen in a canoe off Chesapeake Bay in Maryland last week.,https://www.bbc.co.uk/news/world-us-canada-52195939
Coronavirus wreaks havoc in African American neighbourhoods,"Black Chicagoans account for 70% of coronavirus deaths, despite making up 30% of the population.",https://www.bbc.co.uk/news/world-us-canada-52194018
"Coronavirus: With Wrestlemania, the show must go on no matter what","The biggest event in wrestling went ahead at the weekend, undaunted by all mainstream sport being cancelled.",https://www.bbc.co.uk/news/world-us-canada-52203976
How the coronavirus led to the highest-ever spike in US gun sales,More than 2m guns were purchased in March and the FBI conducted 3.7m background checks.,https://www.bbc.co.uk/news/world-us-canada-52189349
Coronavirus: Helping frontline medics with a place to stay,Doctors and nurses treating coronavirus patients have to self-isolate away from family between shifts.,https://www.bbc.co.uk/news/world-us-canada-52208396
Coronavirus: Why healthcare workers are at risk of moral injury,War veterans can experience trauma known as moral injury - now health workers are at risk too.,https://www.bbc.co.uk/news/world-us-canada-52144859
Coronavirus: 'Pregnancy during a pandemic is terrifying',"Carly was already a high-risk pregnancy. Now, she fears the toll of Covid-19 on hospitals could put her more at risk.",https://www.bbc.co.uk/news/world-us-canada-52157823
Coronavirus: Pastor who decried 'hysteria' dies after attending Mardi Gras,A preacher who said coronavirus was overhyped has died after catching the virus at Mardi Gras.,https://www.bbc.co.uk/news/world-us-canada-52157824
Coronavirus: US tourist towns telling visitors to stay away,"Its state slogan is ""live free or die"" - but locals now fear being overwhelmed by tourists.",https://www.bbc.co.uk/news/world-us-canada-52126464
How Trump's attitude toward coronavirus has shifted,"Since the start of the year, how has President Trump's attitude towards coronavirus changed?",https://www.bbc.co.uk/news/world-us-canada-52145270
Coronavirus: The US governor who saw it coming early,Ohio's Mike DeWine began preparing for the virus before a single case was reported in his state.,https://www.bbc.co.uk/news/world-us-canada-52113186
"Coronavirus: US death rates v China, Italy and South Korea",The US has seen its virus cases spike dramatically and these graphs show what could be in store.,https://www.bbc.co.uk/news/world-us-canada-52066105
Coronavirus: A snapshot of American life under lockdown,How much your life has changed because of the coronavirus depends a lot on where in the US you live.,https://www.bbc.co.uk/news/world-us-canada-52019510
Coronavirus: Why China's claims of success raise eyebrows,"China has claimed its first day without a virus death, but faces lingering scepticism over its data.",https://www.bbc.co.uk/news/world-asia-china-52194356
Coronavirus: Why has Turkmenistan reported no cases?,"While many countries have imposed major restrictions, life continues as normal in Turkmenistan.",https://www.bbc.co.uk/news/world-asia-52186521
Coronavirus: Why Canada dairy farmers are dumping milk,A dairy farmer's association has instructed farmers to dump milk over fear of a price crash.,https://www.bbc.co.uk/news/world-us-canada-52192190
How sex workers are starting again online,Increased competition and privacy risks are some of the challenges facing workers making the switch.,https://www.bbc.co.uk/news/technology-52183773
YouTube tightens Covid-19 rules over 5G conspiracies,Videos will now be deleted if they falsely link coronavirus to 5G mobile networks.,https://www.bbc.co.uk/news/technology-52198946
Coronavirus and chloroquine: Is there evidence it works?,Some world leaders are keen on chloroquine anti-malarial drugs to treat Covid-19 - what's the evidence?,https://www.bbc.co.uk/news/51980731
Coronavirus: Israel’s ultra-Orthodox lockdown challenge,"Coronavirus has hit Israel’s ultra-Orthodox Jews disproportionately, but implementing lockdown in those communities has been challenging.",https://www.bbc.co.uk/news/world-middle-east-52189059
Pixar pioneers behind Toy Story animation win 'Nobel Prize' of computing,The men who made Toy Story and Finding Nemo possible speak to the BBC about their Turing Award win.,https://www.bbc.co.uk/news/technology-52169444
Madam CJ Walker: 'An inspiration to us all',How an African-American orphan and single mother founded a business empire - 114 years ago.,https://www.bbc.co.uk/news/business-52130592
Introducing the soaring melodies of Azure Ryder,How one of pop’s brightest new voices found confidence by taking control of a plane.,https://www.bbc.co.uk/news/entertainment-arts-52067497
How the Cornish pasty came to prosper in Virginia,Some of the world's best pasties can be found across the pond in the US state of Virginia.,https://www.bbc.co.uk/news/world-us-canada-52157059
Why Anne Tyler won't be writing about the coronavirus,"One of America's greatest living writers says it would be ""wrongheaded"" to mention the virus in a book.",https://www.bbc.co.uk/news/entertainment-arts-52090464
Coronavirus: The good that can come out of an upside-down world,"There are reasons to believe the world may emerge from this upheaval enhanced, writes Matthew Syed.",https://www.bbc.co.uk/news/world-us-canada-52094332
Coronavirus: A college course world wants to study right now,More than one million people have enrolled in a Yale course on well-being. So what's its secret?,https://www.bbc.co.uk/news/world-us-canada-52055242
The Village People's YMCA is preserved for posterity,The disco hit is deemed historically important enough to enter the US National Recording Registry.,https://www.bbc.co.uk/news/entertainment-arts-52033153
'I bought a winery and it caused a US-French row',When US entrepreneur Michael Baum bought a famous French vineyard it caused a trans-Atlantic spat.,https://www.bbc.co.uk/news/business-51950286
Coronavirus: Words at the window from those in isolation,Portraits of families self-isolating in Brooklyn to slow the spread of the coronavirus.,https://www.bbc.co.uk/news/in-pictures-52040206
How Marsha Hunt fought Hollywood blacklisting,The 102-year-old is one of the last people still alive who was named as a communist sympathiser.,https://www.bbc.co.uk/news/entertainment-arts-51979690
Does pandemic offer US and Iran chance for partial reset?,Jonathan Marcus looks at whether the crisis might lead to some rapprochement between the arch-foes.,https://www.bbc.co.uk/news/world-middle-east-51948510
Why Texas is saying 'no' to all new refugees,Texas' longstanding reputation for hospitality has taken a hit as it embraces a new Trump refugee plan.,https://www.bbc.co.uk/news/world-us-canada-51551701
Minecraft ‘loophole’ library of banned journalism,How the popular video game Minecraft is being used as a way for journalism to beat global censors.,https://www.bbc.co.uk/news/world-us-canada-51883247
Harvey Weinstein: How a Hollywood giant faced his reckoning,"The judge said this was not a referendum on #MeToo. But at times, his trial felt like one.",https://www.bbc.co.uk/news/world-us-canada-51451977
Harry and Meghan's final royal duties before 'stepping back',The couple are completing their last engagements before stepping back as working royals from 31 March.,https://www.bbc.co.uk/news/in-pictures-51767925
